{"properties": [
  {
    "name": "vcap.services.mysql.name",
    "type": "java.lang.String",
    "description": "A description for 'vcap.services.mysql.name'"
  },
  {
    "name": "vcap.services.mysql.label",
    "type": "java.lang.String",
    "description": "A description for 'vcap.services.mysql.label'"
  },
  {
    "name": "vcap.services.mysql.credentials.name",
    "type": "java.lang.String",
    "description": "A description for 'vcap.services.mysql.credentials.name'"
  },
  {
    "name": "vcap.services.mysql.credentials.port",
    "type": "java.lang.String",
    "description": "A description for 'vcap.services.mysql.credentials.port'"
  },
  {
    "name": "vcap.services.mysql.credentials.host",
    "type": "java.lang.String",
    "description": "A description for 'vcap.services.mysql.credentials.host'"
  },
  {
    "name": "vcap.services.mysql.credentials.username",
    "type": "java.lang.String",
    "description": "A description for 'vcap.services.mysql.credentials.username'"
  },
  {
    "name": "vcap.services.mysql.credentials.password",
    "type": "java.lang.String",
    "description": "A description for 'vcap.services.mysql.credentials.password'"
  },
  {
    "name": "vcap.services.mysql.plan",
    "type": "java.lang.String",
    "description": "A description for 'vcap.services.mysql.plan'"
  },
  {
    "name": "vcap.services.mysql.credentials.jdbcUrl",
    "type": "java.lang.String",
    "description": "A description for 'vcap.services.mysql.credentials.jdbcUrl'"
  },
  {
    "name": "vcap.services.mysql.credentials.uri",
    "type": "java.lang.String",
    "description": "A description for 'vcap.services.mysql.credentials.uri'"
  },
  {
    "name": "vcap.services.mysql.credentials.jdbcUrl",
    "type": "java.lang.String",
    "description": "A description for 'vcap.services.mysql.credentials.jdbcUrl'"
  },
  {
    "name": "vcap.services.mysql.credentials.jdbcUrl",
    "type": "java.lang.String",
    "description": "A description for 'vcap.services.mysql.credentials.jdbcUrl'"
  },
  {
    "name": "vcap.services.mysql.credentials.jdbcUrl",
    "type": "java.lang.String",
    "description": "A description for 'vcap.services.mysql.credentials.jdbcUrl'"
  },
  {
    "name": "spring.datasource.testOnBorrow",
    "type": "java.lang.String",
    "description": "A description for 'spring.datasource.testOnBorrow'"
  },
  {
    "name": "spring.cloud.enabled",
    "type": "java.lang.String",
    "description": "A description for 'spring.cloud.enabled'"
  }
]}